Date,LIN_daily_var,XOM_daily_var,CMCSA_daily_var,ABBV_daily_var,AMD_daily_var,LLY_daily_var,PM_daily_var,COST_daily_var,DIS_daily_var,MS_daily_var,WMT_daily_var,HD_daily_var,META_daily_var,BRK-A_daily_var,NKE_daily_var,UNH_daily_var,BAC_daily_var,VZ_daily_var,UPS_daily_var,ABT_daily_var,NFLX_daily_var,V_daily_var,ADBE_daily_var,NVDA_daily_var,PEP_daily_var,PFE_daily_var,ORCL_daily_var,MSFT_daily_var,JNJ_daily_var,AAPL_daily_var,KO_daily_var,JPM_daily_var,NEE_daily_var,AVGO_daily_var,MCD_daily_var,TXN_daily_var,DHR_daily_var,CRM_daily_var,CSCO_daily_var,TMO_daily_var,AMZN_daily_var,ACN_daily_var,MRK_daily_var,CVX_daily_var,PG_daily_var,MA_daily_var
2023-01-04,-0.4963075220706714,0.29104397957464556,2.8675869849956515,0.8067446873447848,0.9996986138740782,-0.5178170493014833,-0.06909952774484251,0.7236149102694212,3.3831652185366545,1.0849243363850958,0.11140519521772863,1.2092068794232746,2.1083893922178687,1.4344284116926787,2.0715767390900197,-2.726366561004534,1.880030312203318,2.5174597380702934,1.0440489661119656,1.487492261210921,4.902522751864935,2.516998130080128,1.332657620630795,3.031796232043349,-0.24524584650275072,-2.204442043523125,0.9077810618874249,-4.374319646157576,1.088726106277571,1.03142905841056,-0.04766019290012302,0.9324976538794161,0.7872955517082225,1.2213700269697592,0.02271291089641636,3.6517310490076893,1.5632719049628818,3.568776971477905,-0.021026915097810406,1.579960260307467,-0.7923564525679994,-0.3404207366733414,0.8457800237841706,-1.0632778568641643,0.43542610034668083,2.407740561525107
2023-01-05,-3.560941363501424,2.237411457031113,1.0658635290004437,-0.1221781732895777,-3.603466902399921,-1.1511953498383076,-0.4050231207731514,-1.3952115194610704,-0.06523721004382255,-0.8424697429080474,-0.3408401978328035,-1.3323733518023073,-0.3375993529899812,-0.545920295636837,-0.48675472547297094,-2.882062922697215,-0.20502874293572004,1.385845707377542,-1.8463183537527739,-0.36866999689306734,0.09372953087791736,-0.705524833974136,-3.7989517241971082,-3.281594956429168,-1.0448701920671044,-0.9375628767950173,-0.20123627361433583,-2.963780079384193,-0.7383603368399494,-1.0604652356973276,-1.1443045182085498,-0.022151096377032164,-2.2014417990115276,-0.9317400274914456,-0.8434606894659025,-1.3241189033125655,-4.1821498128947425,-2.328247070179068,-1.409034939663012,-0.8862407854663412,-2.372558911847966,-2.3613204105627172,1.3918590434612188,1.8008656553076596,-1.241534507583042,-0.9517175983793758
2023-01-06,3.4927459110048575,1.2086816999723915,2.4607897425012126,1.8716745592473272,2.615108624312379,1.1200275589621889,2.648283897187209,7.259154818400693,2.175805091209937,1.9087503101390846,2.449915083565468,0.6529863925766044,2.426344550037629,1.7512561753156186,3.241582769070095,0.008169756922549176,0.9979385133112029,1.175054089911387,2.9394852561757556,1.3808696815186705,1.8889168083167096,3.1452848264736044,1.3122632829606795,4.164041081308234,2.25861582765039,2.5372532941907666,1.6012423784513174,1.1785322785042185,0.8109653650083315,3.6794083373319353,1.9292589399365623,1.9135515892899413,1.234424148977653,6.019594026272013,2.7883735480867644,4.930219070031039,-1.0735371640692715,3.0585288843714142,3.0716640727324718,-3.939386828040947,3.5611152390083056,2.368980851373692,1.0559632822232157,0.7532484713269838,2.3812675469527145,4.689638798492202
2023-01-09,1.8218712916334923,-1.8637444072618359,-0.8973349914688789,-2.936049984692468,5.128203293069067,-3.612174182215222,-1.1498636869304524,-0.8532314295009558,0.9050239466488197,0.09136107176672681,-1.2467604806192578,0.08817991296625749,-0.42301417757629745,-0.7407330559907055,0.25696751908195203,0.012244258902005534,-1.5111835235069981,-0.40204809733176416,1.5311548548361253,-0.16024332300631494,-0.12041653618559689,0.3903592403861955,2.7738575466049964,5.175322554471196,-0.9773680441594879,-4.968579745179136,1.2655220975525738,0.9736413763104856,-2.59084957779796,0.40888489051500443,-1.2460547138291589,-0.4132271945747612,0.5020927031464284,-1.9611483269384333,-0.823835331802536,0.8677678095831753,1.0139007904347297,4.690066083775335,0.5380851327833502,2.0729071237560293,1.486987397850048,1.6864257366242752,-3.8836580362783146,-0.7816111435736128,-1.2214180909166372,0.897543756972774
2023-01-10,0.034160232997537676,1.493497023043533,0.8788333407552251,-1.2495479185211877,1.2046478490814083,0.8346950678433718,-0.10753001063811274,0.5535255934239869,0.833598125472923,1.4605225363900187,-0.062091075044579114,0.887328387331765,2.7187798248804462,0.216352937487585,0.7929494954930005,-0.8284704974485191,0.6786595974469067,1.401980064377395,-1.6071321498365987,1.5158267448799334,3.924864228881919,1.1390615390911352,-0.9591200286346524,1.7980558438792427,-0.8252920992814161,-1.5912418890482893,0.09257087274598952,0.7617117885295066,-0.23920228558623746,0.4456454474873528,-0.766648862038688,0.895396703549256,0.5590536495312382,-0.3397510907402812,0.6211456193286891,0.9735187474450235,4.642234843595938,0.23113278299347062,0.47344899252452777,4.0176451963611415,2.8731709234134817,0.4310491593597421,0.38955759311578575,0.4909229301878426,-0.09865503753982985,0.010777047360921443
2023-01-11,2.356926537584436,1.1626938826917455,0.18479330701171026,-1.5472317699399385,1.4841946532577754,2.1715067791276965,-0.1272197824264798,0.6044865936670307,0.8057809670712901,0.5735537316979844,0.8767054467384128,2.6104826559016914,-0.075198209929217,0.9532351591506449,1.6687883040052531,1.5226299171553048,0.76202511276664,-1.8355212486554695,1.935450219332946,-0.6148463719578667,-0.08548536728101297,0.45683152066819943,1.2488870139645725,0.5782805492370091,0.11245239948405317,-0.35698995833972624,2.427742459820914,3.0238144033444936,-0.15985348124188947,2.1112198986636965,-0.19315067738849834,0.7431407661242506,0.544119690709377,0.5583308562349121,-0.037198699380980305,0.2634503330585014,2.5928148764336134,-1.7227404387295087,0.8194976099725304,2.557956275672435,5.8083825879343465,2.655119758499147,0.23463983990912318,-0.4771569014348831,-0.8097946003724488,1.8463096668348111
2023-01-12,-0.21539556980993968,1.6611261212519546,1.94992880702618,-2.2287785781833547,2.5195562622019496,-0.3579334737381479,-0.6074766638352824,-0.3881824630259212,3.61257724633115,1.2300163972693179,-0.9033119719962679,0.26443582477106986,2.8745634297266065,-0.2334758982623586,-0.03908102012765147,0.46007690708147475,0.2617809232833723,1.5298780724946948,0.395106610302709,-1.1363576801468045,0.8769770309678071,0.6843726519650595,0.46948820561834026,3.1873120225274443,-1.2749213527584402,0.5479499013952616,0.20316396200767972,1.1621495822503158,-0.5032035505817545,-0.059933522855326604,-1.2901156162885674,-0.10025843834513548,0.08236058052961681,0.65727710513106,-0.7886569686450962,-0.41370331520201864,-0.5478209728469463,3.2436248481755747,-0.4267440095926833,-0.17509053315963863,0.18929468094222024,0.9819277594332654,0.6302337336657526,1.0730590036598597,-0.5641863790226131,0.5160680978864685
2023-01-13,1.5809748443048388,-0.061828923813023184,0.6203198440054791,0.906579746695857,0.28248155313777,0.6961464748802104,0.25629789674133097,0.5845396121107571,-0.41077651812800875,1.2482072525327181,0.33146550767377825,0.4062259148725822,0.19749030825297886,-0.3808557345814534,0.7506549303185395,-1.2306550662456006,2.2048090444565016,0.11958107945921892,-0.43728245565227697,1.9306719906006853,0.8148312487867182,-0.25042382367181926,-0.04643979164715706,2.3499437831066894,-0.30719433023665976,0.29343952194895717,0.47308234710148334,0.30187395563014974,-0.327597130252677,1.0119216267462816,0.3594204383895683,2.523474074884202,-0.45844592517935157,-0.5052094408723229,0.8249305911300464,0.494020436655096,0.4810665925902624,-0.06016817714392664,-0.24489208770779314,0.39551374410260465,2.9915043601747016,-0.5989213866972487,0.4294521412773866,0.2710584728613741,0.7142415871915997,-1.1295158907205116
2023-01-17,-1.2301363698957513,-0.1944289249161235,0.025682790969927538,-0.5013048181525592,0.8309807575924255,-1.0729492782520889,-0.46213355853712557,0.31323859681331445,0.5130806120739129,5.913147717737943,-0.6056650327390667,-1.1110749164204292,-1.1826508743727482,-1.0438213716241096,-0.5510370467578074,-0.9171366559078242,-2.015318521941367,-2.4128046553220206,-1.7293389353467137,-0.1057146788512986,-1.9830556932492915,-0.02689971050362505,0.0,4.751763019540789,0.4679225659948605,-3.699058872802463,-0.6726521912515215,0.46817553494129527,-0.6169568948092174,0.8756315447660867,0.4069664557568853,-1.5453492200829255,1.2517656284585454,0.04145013465985947,1.9413024988450989,-2.016654744385804,0.4751234843177965,-0.6956011800838269,-1.6366638106246834,0.6885331200435774,-2.109661268732821,0.9711476847488631,-1.603565855321476,1.650156489997956,-0.29162526143664547,-0.1384691958538964
2023-01-18,-1.7151468030660144,-2.0543699472764687,-1.6949152542372836,-2.3751867461824783,-1.4806503880664734,-1.6017085531912834,-1.946061738853544,-1.4996772421037918,-0.8707864224731021,-0.5150357879273204,-2.4721414426831623,-1.1724166150650084,-1.7287206910012953,-2.0462184873949574,-1.3344787963944227,-1.8223794799165138,-2.3174993198677107,-2.1542219830867793,-1.2737435600015945,-1.6579944116817957,0.03371508526484046,-1.5874343932761326,-0.8914592254748999,-1.8359521460637018,-2.5218699428252167,-2.3437595664022037,-2.133174041949404,-1.8889178260187767,-1.5084723562055147,-0.5369975216971135,-3.031772294598001,-3.004254766064318,-2.2626481653614694,-0.8545654261895796,-2.9440657846454443,-0.9349954690215934,-1.5641059520371203,-2.0340838200517353,-2.4542372989744488,-1.3285441358390604,-0.6142675153973931,-2.450165264387527,-1.5029406797604006,-1.8062008323793788,-2.67880782935328,-1.6213302199498236
2023-01-19,0.06166241259926153,0.6418877184805494,-0.3657247063005631,-0.32841908835319344,-3.998298232853492,-0.2642043866578625,1.9443813050367798,-2.0814722024191434,0.040388646160716135,-2.5160438023898,-1.4271384308553348,-3.957488103272644,2.353021743716366,-0.9243769570625782,-1.5028095565347455,1.7050173546099279,-1.4531455272476013,0.2251702262267674,-0.3225442769562825,0.26006729349516977,-3.232920119840854,0.4328695815568384,0.35744667001549324,-3.521903642259261,-1.159536239211001,-0.08887901152149214,-0.8880213121580716,-1.6453965321635788,-0.13547959323350067,0.04437833155808146,-0.1504741416874733,-1.3326528955334704,-1.4439209261326025,-1.9275997494735853,-0.9246784040803258,-1.6286873126766244,0.05913298045461257,0.6600252554208152,-0.9381710499445584,0.6568431329131652,-1.864654092151996,-1.802790044811775,1.0203185948095994,0.9987000969151394,-2.1148244125874682,-0.26564569725719966
2023-01-20,1.2571606879470565,1.8235726720944312,3.224960163839752,0.5917560489674845,3.4854536143285264,-1.4270277378330753,0.6225947330839032,2.2620333054322206,4.440857332018955,2.219851061831246,1.231702812937363,1.3252647874754109,2.3650395630214316,1.665764693148608,1.6783129649833306,0.4872471242498788,1.8657730853615995,-0.14977945935354953,1.1240485333462669,0.9123391629136668,8.461587600226107,1.769433799949005,4.043443246686151,6.406211823788355,0.14737934369009054,0.3336317355471463,1.524316697146233,3.574360754813344,-0.4659967170638213,1.9220722332072393,0.6028100669725367,0.24489255564521528,-0.9323190550923455,1.3422829047483154,1.896963774978877,1.2110269580357436,1.3368701893291979,3.3057825400104157,0.6887590160755686,1.6784800487040563,3.810845093076898,2.777665819438302,0.03639895180524988,1.0614501982602942,0.3861867591016477,2.266673412100384
2023-01-23,-0.6481624150437404,-0.5205132804706025,2.2606034622398408,-0.6952320971249648,9.219350810058335,-1.1153858946924888,-0.6580251802672188,2.6035691057621158,2.1356774379390986,0.9247707197020949,1.4942571879398736,0.15238526461034407,2.798313332790303,-0.009581705330619084,1.3189016547014099,-0.1869654976829227,1.3884818188664827,-0.9249980295779503,1.319251292109147,1.0547771175075438,4.35620830006842,-0.0579590545605968,2.413156177587328,7.590104938137476,-0.4473742298589989,-0.28818257354189525,1.9713492973779667,0.982429328073442,-0.25482771418747774,2.3500390489201495,0.24966531718666474,1.621270293913657,1.0388643141624243,1.9009067692339565,0.2643564391512143,2.98842777773749,0.9475235781440272,3.054542226239665,1.5391234792141884,1.879871472296113,0.2776315095798454,-0.4028951033001049,-0.05458205560591178,-0.13266306856740684,-1.342936630801972,0.6085878626845176
2023-01-24,0.6554589460454396,0.9311760882117825,-1.2667621148634178,-0.5789275633044877,-2.3912215604918408,1.221487436509805,0.1482954583674978,-0.10149715296785544,0.2933083086696042,-1.6678592231230138,0.2663923423226189,0.7005233975808656,-0.09074117326419717,0.2981260647359374,-1.1380405901541435,1.1918216798284975,0.7284418075523824,1.9934371433030673,-0.2714867213216565,-1.2981322678294438,1.7934007340714375,-0.12935774368826314,-1.0027956468680377,0.3751375217991404,0.9283358951641008,-0.6002735382104385,0.8204965432246247,-0.22260684400172703,0.0,1.006308256041799,0.5312933147298526,0.859616348731107,1.4878539069296481,0.584569100659027,0.10025715115817846,-0.6342269614687757,-1.9566810153004877,-0.6479723734363341,0.6526334441971704,-3.9846643940144366,-1.2305137300550828,-1.6002002279325689,-1.2377127676049482,0.09409521228938011,0.5459084407836379,0.3803867910276981
2023-01-25,-0.6907494052206364,-0.5271856998511071,0.8804994467504379,0.06770041611827704,0.28113349725127357,0.9642297686456525,2.092792887961825,-0.2499450165784456,2.0000025911151242,0.13611229402334946,-0.4754621628791478,-0.13535266728158524,-1.145731030209185,0.13949044585988002,-0.007884610326513997,0.18307858473967098,0.867799802752578,-0.22265379570132193,-1.405639290655325,-1.359637895047261,1.1351469189558427,0.4511114708465769,-0.8718016806796514,0.30106866900634355,0.7264615923223694,0.8051865040046957,-0.0668851530419623,-0.5908093320597163,0.712964576122066,-0.47008054673732813,0.6275840777735242,0.48392695387715623,-8.712761968461047,0.111100182879742,1.2761557849453986,-1.1296865262029998,-3.177686203290564,0.8459237720719548,0.35557230484681845,-0.929875761000809,0.8928577793566816,-0.6221111273225666,0.06449933971535149,-0.9677596750429118,-0.07051381434155513,0.6262937693803927
2023-01-26,0.9651930188933289,4.019077624384071,0.7730709605233033,-0.2638873780435147,0.33373379759484845,-0.4918127751602719,0.8702353550803732,1.5115657464636056,1.4613338526853648,0.89919813611401,-0.09132204982346126,-1.087437800557567,4.09894208604793,-0.3597953597635595,0.5598454422121923,-0.004060701833541458,1.3478666064159928,-0.1487767146412966,1.2622465050520226,0.06306710312140584,-0.8397642161234398,-0.08447301866260082,2.1358554903222915,2.4789100643208384,-0.9945877286705596,-0.9180433402659172,0.21196041331597026,3.071360181878058,-0.36575867090214986,1.4803438339035857,-0.19694211982322907,0.6181704665693566,-0.2480656682749549,2.2025758015804975,0.6300432523714594,-0.5370060314644709,1.1066643150776212,5.7117232973875165,0.7503106402039883,0.35631820165518135,2.099198301215366,0.40269653242888115,-1.5839305398428039,4.863742973323659,-0.402211273594999,-1.3467935688410981
2023-01-27,-1.4597368281120238,-1.825746498035452,-2.0044581564829467,-0.7598347254216709,0.31931592878635673,-1.6982223145034392,-0.536807951629914,1.0014144848958573,-0.1458487120927887,0.37306131833168,0.7664783545621612,0.9177493146486304,3.014258214133325,0.008511362669172406,0.0,-1.3056401707653542,0.31127267512414125,0.9187961184345061,1.330003603766916,-1.0083755276038442,-1.1236895766665644,2.9949672132969063,1.3367186137868803,2.8431469641975626,-0.35248802869143336,-1.0395447910087507,-0.9351051905920116,0.06451883107916334,-0.3907879776164802,1.3684245885690505,-0.5262321825038496,0.2428948131097508,-1.073295977177846,-1.2680119950050583,-0.8226607501741867,0.6547905693079947,0.04513803182553122,-0.3452614198761528,0.3516738217352655,-0.6477589925272254,3.043737760442866,1.0974888958074303,-1.394225312129993,-4.441125090487786,-0.41090625748203546,-0.8509210553394819
2023-01-30,0.10162215257265572,-1.773203637900811,-0.9090829668889633,-0.4306880386692802,-3.9124728354603677,-0.46770720640572083,0.06746127850785211,-0.0019903971554491307,-1.7801757908880056,-0.13009056523441975,-0.802525977775348,-0.7736329055809676,-3.084228130452482,-1.0553191489361735,-0.9095885940106463,-0.05348964988821647,-0.4231396945843069,1.008855839978473,-2.811801423747051,-0.12733178643936638,-2.123237490749008,-1.0110634728806134,-1.9664908406514137,-5.907199714631295,-0.08254237021041444,-0.5480785682013156,-1.8428979456338146,-2.1961647636123516,-3.7032574209396873,-2.007802516344026,0.2479730891179921,-0.8480554837395959,-0.7012404850915588,-1.6142363525951664,-0.5762265486215279,-0.49999376996098244,-1.214375076670171,0.139798031586591,-0.5978071583473521,-1.628230844906664,-1.652968356145279,-1.0639395786363082,0.6737551451662105,-2.9256056742076098,0.31300665193749744,-0.7780082351769191
2023-01-31,1.8182943962028242,2.157451416660394,0.2803180117963766,1.4418225164397835,3.7267145498509624,1.0719513105413414,0.39487353971221495,1.5617624313276401,0.8365104159427705,1.4276796650818602,1.2100007746566943,3.160016374865071,1.29879212145938,1.7116807156373648,0.7596778828217188,2.758394643355766,0.5099166287073409,1.2667513019068322,4.667461942922424,0.6738985258748942,0.21239841157516537,0.48450800659811666,1.9041281862514303,1.9570041912650549,0.9086708274688382,1.4006974755712331,1.27074800934448,2.1012697064545227,0.8765378141406988,0.9020876166309089,1.1213720191181054,0.5965608797501742,-0.5596378325324336,0.6122600016916113,-1.2883478194658737,2.356610528598768,0.6203549393464236,1.9544772204571403,0.9332122462467618,1.070378095779878,2.5658817736008643,1.7242594365694863,1.2442303876629035,-0.10332853436961775,0.9715657020952229,-0.1401108829555242
2023-02-01,0.04230009203278762,-1.0947316661072737,1.5756109607583113,-0.7783376598633485,12.628074079947327,-0.4590969191128891,1.1032272138626675,1.3244727490885566,0.8295709683846075,0.8835914131746225,0.556055485608109,1.2092414275585828,2.7857916778399217,-0.5061310782241035,1.7042237728688736,-0.43871542787699,1.2401343846844881,0.28866833365750466,-0.1349724001703856,1.148796681027453,2.2975202677226303,0.29972214998790214,3.6669053367526683,7.196595986406074,0.31574445709083854,-0.4302520808818766,1.797427707872612,1.9934629226106226,0.9178802704268074,0.7900745073753823,0.016311119369061267,-0.2643667274146111,-0.5225780144978098,3.0324253833681425,-0.42259617718966025,2.7594327241742933,1.1801239508596906,2.2920795829827645,-0.20545782792112943,2.9859883781197416,1.9586971068148662,1.630540934633995,-0.4003364222103012,-1.5285583201728015,0.5689014693152528,0.939009303246241
2023-02-02,0.2929870102954757,-3.128811426354605,2.8521380263847984,-1.2005567226890723,4.336009210078218,-3.4649766704683005,-1.7838484407090571,1.2417633377735493,3.4920922535316423,1.0387982872309243,-0.7257943548288459,3.5660922878589796,23.282399616058868,0.3206503954475748,-0.3397701063042935,-5.265593272227031,0.5846379266004398,0.3358149952654932,3.4111826899665854,0.3845486868836012,1.3536353341952578,-0.5803376103234226,2.1645127286801236,3.65755042694047,-0.9267822170136331,0.8414830306403109,-0.7440393390604982,4.6884255181570245,0.3759383432042629,3.7062576125473257,-1.7120560379218719,-0.4656418125327355,1.8318980117875583,0.5010461621936413,-1.1492041484040372,1.4387659402105513,1.1887786911579434,1.6412477856018626,1.5441615875660508,-0.04937045905896165,7.379935352944922,3.7023957358246484,-3.290335001787037,-1.3713904106248065,-0.712342316346215,0.22990275155281292
2023-02-03,-2.5447979870103277,0.6927494475697848,-2.7730469012254733,0.24855122533584684,-2.5138730405129373,2.534007573647301,-0.8888105720554207,-1.6487328212448915,-2.2082855050061467,0.22174992243251257,-1.3298979074114037,-2.439744788152254,-1.1866321144597514,-1.1353166071825682,-1.123502450253,0.25274823703616,0.8303303957501562,-0.7650067957032936,0.193424681974097,-0.40980431935965234,-0.26984129096612186,0.2483080837957452,-3.288892754948358,-2.805284913089079,-0.5000910127322067,-0.6314876628364607,0.26852417819061003,-2.3620523196993815,-0.561795510073615,2.4399927796214804,-0.7465109289758631,1.5474171270045467,-1.2301625309648179,-1.3454012436761809,0.3875292364057703,-1.3155065640061636,-0.3066264934455165,-2.0613869194327394,-1.3990282523738462,0.11752602566348358,-8.431497620839846,-1.6592958727616902,-0.5026033481197567,0.2603473119121791,0.30949483988067517,-0.2747091944999447
2023-02-06,-0.2286792867190357,-0.16975782971613285,-1.1508706424359971,-0.12395688446970032,-2.7993914917314733,-0.4187786654268111,-0.7603048786462119,0.15346454193263526,-0.7587357463978539,-0.5330330167636288,-0.7268350626397635,-0.6726972380255214,-0.2519708485385408,0.052490064380661394,-1.4732343794340297,0.6821713393437401,-0.16470696851280664,-0.5540783910081393,-1.5131026010594018,-0.9303155982341438,-1.2079756720101753,-0.2998329897497376,-1.0808466852267773,-0.05213461145103793,1.5965041137957936,-0.6808955594323374,-1.216248886104676,-0.6115842548643169,-0.7593705967522291,-1.7928743626999144,0.5682735541036044,0.5882845356114164,1.124961591192064,0.6157732252724868,1.3965128996228815,-0.7076591929522036,-2.260518128004285,-1.163464869322084,-2.179724854597942,-1.9718950301112814,-1.1703250716856073,-1.6388930996533824,1.058861239630593,0.11212994755338546,-0.8484767180318431,-0.25140005486756767
2023-02-07,4.4167722487571615,2.855094565286187,0.40496047639067,0.0827404855078262,2.6649179598481343,0.5982374055330864,0.38306869772060104,0.18231651946150063,1.6018881067068058,0.32355987919745477,0.21324504715802828,-1.2360683603019784,2.988282076507498,1.6177730192719508,-0.31814367667839516,0.3450901391631733,1.0998192919512872,-1.768414122851092,-0.24898994489650494,1.1196383504641583,0.4066618280474499,0.8193825257948539,2.2892615426231444,5.140116104885184,-0.15133018752032656,-0.3884789516258369,-0.8923522002455164,4.202212439518216,0.024479023443135794,1.9244664396145472,-0.16619671826804128,1.2189920641009433,0.7548613053830033,2.1869387886965574,-0.2164901151990417,1.3756916346653325,0.8530740469477438,1.3191337990430707,0.5675831192437641,1.2114543048514115,-0.06850625818668465,1.174071750229233,1.5860839111469183,2.623195945375123,-0.9759442066913371,0.5603680212759254
2023-02-08,-0.8513281848208876,-0.8701762938181257,-2.293925043919953,-0.3651597861857203,-1.4200921530646005,0.30911927619441393,-0.8904059687431909,-2.4625959744773773,0.13437385072971875,-0.262050832602978,-0.5390799706198379,-1.3560890779666157,-4.274085507828951,-1.3815047781605916,-1.9309001097460254,1.3294762347099809,-0.7342965447872052,-0.07397999460833082,-1.0250065411373521,-1.598355717196498,1.0690106721972459,-0.48417581342019567,-1.4225475140601684,0.1443268414818455,-0.2331506189890198,0.8947030363837261,-1.1967203094574885,-0.31020521294320424,0.12852574620412227,-1.7652688137887895,-0.5826472718393094,-0.7030985539139611,-1.380133020345864,-2.0734033675533947,-1.6907296839415498,-3.809474408056901,-1.5263051383646142,-0.9633313336313565,-1.839466320422245,-0.6722136370848619,-2.017429777965274,-1.0805379164916973,0.9084001717934775,-2.3493556477009014,-1.0355668230427106,-1.255802839866882
2023-02-09,-0.5026111144102896,0.377461806583268,-2.218774455952832,2.8282871738340543,-1.7475538012382885,0.31109455880014014,0.7206968435887307,-0.6311942376347468,-1.2703508538669972,-0.9195604841334193,0.9271152586293852,-1.63346883449359,-3.003867811615213,-0.42286415141912226,-0.5939335499841158,0.5194335692151775,-2.1369894887740104,-1.752219918471798,-0.8639243113673367,-1.9328489202986798,-1.180379666538689,-0.17410632264009962,-0.6739581064840627,0.5944549883098116,0.946485547732201,-1.4552054130947956,-0.046141277681233106,-1.1659745649761244,-1.3507798773898627,-0.6911633754124957,-0.16745546541335754,-1.5563657393181995,-2.3457267085004285,-0.38225502984888804,-0.821860342952363,-0.8555215477253575,-2.6074699383686673,2.3757582168797198,-0.4897736236406103,-1.7782213800527247,-1.809100582487666,0.15805640551884714,0.07502334844173841,-0.9176444445611498,-1.0969192629970204,0.018907913262933285
2023-02-10,-0.15936303418669917,4.215133410616989,1.2137180793747593,2.252865207111987,-2.0790719223332976,0.9742791315145327,0.3332673715607859,-0.1278397194856451,-2.0840911915889215,0.3977549476653186,1.5545584845467308,0.3137467911042302,-2.1189322792601994,1.3368524956010486,0.04092343816497479,1.75405765177008,-0.3919301703681155,0.502383924961225,0.25440266854039884,0.0832806355210769,-4.17655576508621,-0.9374303191661326,-1.2825649545066264,-4.799214828347898,1.9793895533739336,1.2459586328779748,0.5654982079176252,-0.19725607824231384,0.4646840237193528,0.2456204698669362,0.0,0.4415334515034397,2.006275617639841,-1.0276647898842195,0.6752137295617189,0.4571669182953375,1.4621048559250616,-3.8178076373374448,1.1341711285759448,0.4358946145196274,-0.6412838631079665,-0.42081861727004677,1.7335081366016691,2.0957027378432747,0.8828762738597007,-0.9691794914576057
2023-02-13,0.6083580035185499,-0.3889771141548759,1.903023131694348,1.1049011461006009,2.0250292446066354,1.5298967542715092,1.3188745780861266,1.2920339010729975,-0.37015908339946835,1.0056878780163148,1.5237955207386689,2.208246004903369,3.0318684836907472,0.8999470619375227,2.3889386286234604,0.22256022144857557,0.19674154902675767,0.7748098690900651,1.1823790557043967,0.33283825730876515,3.2272059089680782,0.7394349445491111,1.0808943290064654,2.459447175560725,0.8910426162870744,0.2506911185412797,2.616470832342399,3.1242874042076485,0.3700391326666441,1.8806787993144836,1.6437465889063585,1.0848064832370774,1.1774244851362026,1.326584009906373,1.4404391308848519,0.5233563733877844,0.40179807056193173,2.424715968003599,1.2695746834541222,0.6282753291228182,1.9772567289289666,1.5459941597286697,0.9026456183328424,-0.5582435540253061,1.309137632529045,1.0904259374507674
2023-02-14,-0.01796322517925164,-1.171481630549509,-0.07674283881831112,-0.7415597617232206,3.3922769012340703,-0.4895846637978596,-1.9284529887722335,-0.6377766598777534,0.0,1.1364807855493986,-0.28784838993997086,-1.5763672978748589,0.02786772211944566,-0.8394543546694666,0.8389914031411871,-0.5087355828213624,-0.08416609119964447,0.02480387244327975,-0.34150407243316305,-1.1610729501352446,0.3876465132240048,0.22282201632215504,0.7733317057291744,5.429599667538931,-1.1250559101621316,-0.6137828622379105,-0.3690416603336244,0.31329210305217625,-0.4362586779111832,-0.4224937919532934,-1.6666665609472497,0.44188628035108923,0.5421782906914085,0.19796755491967577,0.1540108249189709,-0.20939079061642607,-1.4006477667494188,-0.654661623334285,-0.33430573500163874,-0.612169614128355,0.16073541414833858,-1.2415512021534014,-0.7393933112240902,0.7660473787985067,-0.5640112543550235,-0.2346129232948302
2023-02-15,-0.4401184740346231,-0.3006320213160496,0.921650868207502,-1.002686249707585,-0.8958658178080947,-3.610883030722234,-0.5899082726426919,1.6016829217185613,1.4675776963736453,0.2684996619074509,0.7423168153580129,0.7097393490831827,-1.2926187434011083,-0.731216931216927,1.0142683012964282,-0.3205930894475184,-0.16843086482124514,0.12397899299327886,0.037477663387508464,0.018643388927763738,0.40560673611373943,-0.2048913323475121,-0.5186534762461559,-0.9011395974107717,0.13654149474437993,-0.9149121552917361,-0.8418448143265866,-0.7992976764759296,-1.6477454278270076,1.3903407725742278,0.0,0.41899004873129364,1.1969059872669163,0.8932274911081395,-0.018742536947435884,1.2249131804187963,0.3395188076656064,0.6707456722849336,1.5723255491097765,-0.8136729023390576,1.4643999584324163,1.011345753769044,-0.974801903836997,-1.0538131113375204,-0.22974159252153736,-0.08648480732592612
2023-02-16,-2.71554964937204,-0.29292599728336643,0.7610429928246898,-1.012841875928805,-5.9873191545541715,-2.6685778082053635,-0.8011046111443432,-1.4043153460258306,-3.1215636208336117,-1.2496304144380188,-1.5692220520031053,0.17149725577552122,-2.6642589315506005,-0.37309852999178883,-2.4317604045385743,-0.7938891340722565,-0.7874088011893154,-1.3373036104815883,-0.6904236275683373,-1.1185663619169395,-2.963317352318595,-1.3498151944904113,-2.867478509679755,-3.347393772707874,-0.2840742964081544,-0.854109194952124,-0.7018359384993733,-2.6622654213367847,-0.7090337628558485,-1.042934211952684,-0.6209098278695091,-1.3769034420126336,-1.6246476906038643,-1.176592100306273,-0.2738673608692954,-1.3557387499138596,-0.5289463090087376,-1.74751922063352,5.242521825595925,-1.6318819395576334,-2.975486385196624,-2.235354589903804,-1.0865496997585544,-1.4436940192424474,-1.3097359721933821,-0.5654244896717175
2023-02-17,-0.6120515582278885,-3.845158961670825,-1.51058007041186,1.1903891446890746,-1.9730292144448547,0.7145670868810239,1.5154493580818995,0.6704999669982392,-0.5763966737195703,-0.060260699984027166,1.5041281787509408,-1.0241503162655374,0.25516262768308096,0.016691811382529842,0.36983628952615977,2.4068913544359916,0.1984036510363607,0.953815578653594,-0.3914543235446155,0.6221694477699602,-0.7841236540169216,-1.0051792011168792,-2.275714063767831,-2.7906505071658816,0.43872140945422355,0.6053566902786356,-0.5015944101189107,-1.560174111430901,2.087708463213356,-0.7546702784646531,1.5197524392450923,0.29614152854138265,0.502040748417798,-0.8242454269580035,1.5649059800164178,-0.43162351552188394,0.21115068162274042,-1.7488563623413667,-0.4314593421439694,0.3802075625936041,-0.9679109147912035,-1.4828348969797456,2.8260201119568507,-2.233295945927627,2.0927513469739756,-1.7466924983781773
2023-02-21,0.9455102814465821,-0.09885053576312863,-3.2719812287341665,0.4560211523469748,-2.2038259323994835,-0.27101227949856144,-1.807110754371466,-1.13108005167738,-2.974724241113802,-1.8993063482253159,0.6077561187038505,-7.060861602363799,-0.4627504796174131,-1.899553461582082,-2.9958378338889258,-1.556866267234791,-2.347933773531097,-2.5360444328660248,-2.592648681064935,-2.8948813789530625,-3.00609027242964,-1.3150836506477637,-2.8443305934931273,-3.427160233073556,-0.056731324109104975,-1.1802800021595616,-1.2374017512594926,-2.0886613348218064,-1.49011746289881,-2.667986683905421,-0.5322654308030361,-1.8349267594828245,-3.1681228426749475,-2.359013316419667,-0.5333526446060333,-2.600967480407801,-2.1460137616762243,-2.1493025919432807,-2.1272424123711,-1.5954914985468416,-2.695468312187932,-2.8514641878352065,-0.4108827135557158,-1.1360184428483633,-0.07141443236109435,-1.4316240925815071
2023-02-22,1.6853601724508893,-1.295306820520481,0.449255255592651,-0.8749965047958219,-0.20840958670185206,0.4763263843766907,-0.3900802378963619,-0.8669821944516154,-0.40160255404247946,-0.3585385859396495,-2.0973283271479737,0.2707283055358056,-0.5578839514481793,0.33086511303286326,-0.9909090955040334,-0.49255372174280554,-0.6662849472877985,0.20407075099004857,-1.0366485403376036,-0.9261908664973673,-0.7762948495370403,-0.2719602251327613,0.5826330956301362,0.47929823804384597,-0.03405811608568898,-0.7494137247247346,0.13921959170903886,-0.45909829837958993,-0.13924127892602778,0.28960588407696,0.3010050471553338,-0.7663167772358426,0.02714535901926496,-0.9234170808375297,0.03352257070228237,-0.5621846473966907,-0.27114403951505883,1.076602862104048,-0.7647410977954627,-0.4303068180205205,1.2793392483054111,0.17833789356391794,0.08252262856971448,-0.4037229170710366,0.42169235981239783,-0.27811678809929186
2023-02-23,0.5635855479442675,0.9204349706237513,-0.8418831135011073,0.9291824657870151,4.098680804897636,-0.47103712127699593,0.24098942930612655,-0.854459440382993,0.04917688002334941,0.6888106657147564,-1.4905797178713431,1.0158668309100394,0.5376333539019118,-0.13847464848742996,0.050035575606943716,0.5727211244538344,-0.08749307047939414,-1.9093669917343403,1.8855100318679874,-0.1363339088392923,-3.3534432700029204,0.5045036631479816,-0.4875006311884311,14.02139608329447,0.10788744536938122,-0.1887771836915353,2.618161039798328,1.2961750375038772,-0.03169162894198774,0.3290549080877003,0.18339229474222396,0.8011026023764689,-1.09934923011058,1.324266391820328,-0.6923810096178595,1.1896412503385578,0.9595790128407611,0.46522680215255185,-0.2027989513285644,0.4649868323150619,0.0313172345862478,0.5934089608570892,1.3099975691521326,0.9853361472563105,-0.3202769504414893,0.15775690196133674
2023-02-24,4.7515716296040456,0.009034023173648542,-1.830721099050725,0.42086176562856625,-2.0815092941810387,-1.7953013597953982,-1.2521305993607346,-0.9186089329635161,-1.4056819600786086,-0.24505443873199528,0.26744517179149163,-0.8853707253064669,-0.9590757735848943,0.5072108843537482,-1.60052902375587,-1.4968810022052415,-0.14594574422411855,0.5450398355631325,0.11670052988255186,-2.0380356966349766,-2.0083423829999947,-0.7145159445893001,-7.6306787237281455,-1.5973566028980812,-0.1985084204670251,-1.3002294350941357,0.09032220455025275,-2.178436612899859,-1.1158273977741828,-1.8005321167236743,-0.416041759623087,0.9021225843788283,0.06860966223414255,-1.0363153149007487,-1.1620100779333065,-1.5597843814838641,-1.3425231668048099,-1.16987461983189,-1.4834352799050987,-1.4810888144471956,-2.4212061179431754,-1.7328446045928425,-0.6329691649394675,0.296431178928791,-0.5640917636923426,-0.6778596427247208
2023-02-27,-0.9146846209049708,-0.18058770740330132,0.9459419867960728,1.0280862477972885,0.8707905456077469,-1.5607549964060663,-0.4159108590562788,-0.3233620490182165,0.14954525615216152,-1.0235369547991535,-0.7229685353833948,-0.21910532991900045,-0.49885915051377516,0.04483382246238676,0.4151091646616756,-0.20853411544903278,0.0,0.36137682347550104,1.1545965415464599,-0.6868409172176904,1.8540138722915156,0.364383188472317,0.5553125138347381,0.9232984242752762,-0.028417245837197846,-2.323356624962414,-0.7895434510296284,0.3771777693612144,-0.21798828956186567,0.824756033063978,-0.03342264882617574,0.8727783338142059,-0.8170861717690103,1.3327641470526563,0.41717375779406485,0.9459667934810234,-0.46965033483120644,0.5795329587498177,0.5156734296068555,-0.26528798379444885,0.27807715104863906,-0.1050520990131254,-0.48229680324914925,0.25244975855205354,-0.08616546481554632,0.6683336634088377
2023-02-28,1.1292322757101347,-0.5789205641684059,-0.48192865323449796,-0.24630871304220925,-0.24120200597779196,-1.705513299221395,-0.8862071518471959,-0.5851831953997633,-0.8362333134996902,-0.20682272263027324,0.48784126461851596,0.17904613953179105,3.1850945907257566,0.3492007135558195,0.2193548828537617,-1.5269350831599193,0.263081813606858,-0.18003779686638355,0.1426751079742994,1.9544997800111874,-0.2786100052271867,-0.1860712442357526,0.505710115963387,-1.2127151113708656,-1.3529668047237875,-0.5149589714020575,-0.6366510278054682,-0.29581287269390133,-1.5228492588952536,-0.3447789647334165,-0.5182210481436078,0.837089803711577,-1.1550261953868213,1.5099436465791705,0.24691349437888643,0.4158364197236253,-0.16938843290471572,0.28809686310011795,-0.6361602512745868,0.07573547346686471,0.5012811540044737,-0.2629236967792159,-2.8529686583140035,-1.2590609013275023,-1.1355510473249453,-0.05345600786371696
2023-03-01,0.48224826082434724,0.8916348414865105,-1.452777016510598,0.8901995797299778,-0.3690518055100567,0.9478843985100127,0.21582061499696437,-1.138001010194989,-1.0741890254672093,-0.32124001532713997,-1.393095755842344,-1.9390262130976943,-0.8688717567441717,-0.23515452240979728,-0.1767770274626601,-0.15128454802405544,-0.4664750379942184,-1.3140954641389757,0.3233030977093154,-0.8749508625020663,-2.685249360621078,-0.7183749745671819,-0.17595533345881043,-2.2312209617325607,-1.2677883961654812,-0.9612945431914377,-1.2128152009467819,-1.2629275597824008,-0.45020697334451354,-1.4246031902338085,-1.0922498871067443,-0.5580795480865541,-1.633107211953022,-0.12115109678878522,-0.4509122143508626,0.4199438203506878,-0.8766616137268146,2.285927192232662,-0.16521966833986657,-0.598041206210409,-2.186145722806776,-0.7380786050887767,0.38592242575266056,0.7961676589419264,0.07269751304854744,-0.503815111390693
2023-03-02,0.485648015185669,0.45991762261341496,0.8736001917500236,-0.5732013966453287,2.746201942440507,0.2800931124558259,0.8717078227397757,1.4665599142164254,0.3856274100745294,-0.11436400731481555,0.24973770298595266,0.7668734192161297,0.6400649418011106,0.9417539762345051,0.8433103779523998,0.5218685726681604,-1.267678401209904,0.2872023538321722,0.8739372818312274,1.785179940398196,-0.510401316652187,0.3205719744505897,3.1294436775257006,2.7138941566957397,1.8451047380698693,1.0950661945576368,0.7296733041313841,1.9653210922658149,-0.07865921886045513,0.4129178469301831,1.4610957970311977,-1.0382214186231864,3.349071484049859,0.8558389445246783,1.8460741782051482,1.1093739589962626,1.7810509906072358,11.496856607506768,0.39304908327240096,1.8996394632891045,-0.043399062951077205,0.6335653775681793,0.33755179431902427,0.3147142840059347,1.6489778545754064,0.5855770481189237
2023-03-03,3.0220281672674876,1.265704735396822,0.7577775976848056,1.0882252782033142,1.3426083650940335,1.0728505840761349,0.8540027107603709,-2.147454811004479,2.244239043465801,2.341800139316197,0.12100024092773776,1.8531157344737759,6.142211250605212,1.3852053385890795,1.4256934501228669,0.18002632307967392,2.000591625458492,-0.3905290102216741,0.5414744467971744,1.7733546596506722,1.058095338368581,2.150096221611064,3.160422352300407,2.4706168991418753,-0.09809221125657297,1.3047758275348098,2.6215942060264563,1.6646062146554508,1.0298506760559434,3.509003419152501,-0.46886371721653886,1.8359623218705323,2.2434604170080696,5.697824164672882,0.560600948888279,0.9191134904124487,1.3654750979741337,-0.08575146859407523,1.5454343866318165,1.948066474574195,3.006625805970242,1.4853360015273598,-0.12148602637888084,1.476383606863907,0.7289490611291471,1.6677457743735413
2023-03-06,-1.194880296841816,0.8864433731290644,-0.4028947795281401,-0.4998066470968565,-0.441600828976052,0.1664417752136771,0.9072554794921528,1.645406001426175,-0.474585456234633,0.05084660736049962,-0.014223906593213709,-0.08041775209518542,-0.18893716788968007,1.4704515103876048,-0.6366828649883582,0.463893078363542,-0.20491714033049613,-0.28749250989018593,0.4470037136229177,-1.6275703729249913,-0.9994269844801673,1.3317226519862446,0.8661726528125246,-1.406442653778539,0.2021404076542277,-0.0972005619697347,0.5490157298324361,0.618904725060565,0.9998657599103566,1.8539430992601247,1.5477880815053524,-0.5847185098809216,0.7720434521030439,0.02527917850636552,0.583493990962336,-1.497032926637143,-1.2996688387051591,-1.4107116490624017,0.2840866993985891,-0.1644442906346244,-1.211803485129881,0.15971972000223822,3.948354299505219,0.7335059443692504,-0.42568344977345074,1.5020700802007125
2023-03-07,-1.0920212993944745,-1.9330414672444451,-2.400224836095022,-1.5134077712006921,1.170523540384849,-2.6116101727026497,-0.849145447557087,0.428503140894021,-1.5895152446908756,-2.3582024733138196,-0.9953777208594805,-2.518355168293207,-0.2109245010937011,-1.8148121154066388,-0.48265111083656276,-1.4351694191327646,-3.1974190311206074,-0.6291027862531551,-1.7371646687393882,-2.6958563362134647,-1.140915159606748,-1.5788356209502696,-0.6397329522754513,-1.1125244658970246,-0.49567758521703587,-1.8730227692935641,-1.537766736245394,-1.0589018851587695,-0.9449738003174168,-1.4496480647884225,-0.5798606418848995,-2.9407663449218635,-0.8736579469730388,-1.2276340181462952,-1.29692934364658,-0.5720983818001901,-1.8411064209730488,-0.261151098786383,-1.0319656123450094,-1.7349383993969125,-0.21333007812499583,-2.01386802559258,0.15301256980835287,-1.2878374033997941,-1.9878896138598723,-1.904990941486473
2023-03-08,0.21459823292497848,-1.4604397943418612,-0.8013184615526803,-2.177451349604176,3.970286337836759,0.614884327871601,0.503776021987723,0.18345586626984378,0.24228295889276996,-0.16655894396935267,-0.8258449464902728,0.997877484106513,0.2493126267206769,0.10646871686108561,0.2257749650715457,-0.6921545669036577,-1.3333291718454099,-1.0023743648788774,0.5620148880988607,-0.5801180942640483,1.076282073161261,-0.43912501087536304,0.30162661883454955,3.8345896979326,0.2722435254661537,-0.5453709851356625,0.14712275646033834,-0.17705959435335705,-0.7333309435257451,0.8377231950499553,0.049995154217286064,-0.5915446425332371,0.6779661016949046,1.1373191671177896,-0.6738360639556462,2.4177629756356955,1.0234398653791832,-0.20183851254280682,0.40891500401700753,1.078651535350783,0.39550518986386507,-0.20438474567348042,-2.68715454665025,-0.6340262719456091,0.014543967373303879,-0.25282692653897376
2023-03-09,-2.5302804284741853,-0.7728764545225086,-1.1977726495550733,-1.5040120162852277,-1.5696426428178922,1.3790168541718328,-0.7919819088955338,-1.341461649828446,-3.182279521645426,-3.8581908648271823,-0.6734363327537851,-1.1972933381241835,-1.7732598570852742,-2.324566421328722,-1.6602685246421278,-1.2090999988806361,-6.203932348174524,-2.611247358080282,-0.7704870428346888,-1.5593612043410254,-4.493412034275135,-0.9811458111856353,-2.159958738087897,-3.08093007876441,-0.7567428536623844,-1.6450655482159848,-1.830713839092224,-0.5439454633911489,-1.1244777361448688,-1.4914664680923395,-0.9660280941843902,-5.413648153715767,-0.6599297828545847,-1.5404978277910097,-1.3944830500511096,-1.5775725340187452,-1.6669334240226097,-2.312104836348128,-0.6108667223356568,-0.2776019332500268,-1.7781071140368643,-1.4791739122502867,-0.6280044550755481,-1.521572429440854,-0.7341124403259514,-1.2784402057266386
2023-03-10,-1.2661882021735682,-1.237049950658753,-0.4510850729346094,1.6016275558320192,-1.6184703440536463,-0.5775616757844326,-0.616411614475254,-1.7475727040831002,-2.6731846381735425,-2.331877759873613,-0.14578993579659194,-0.5868064032660603,-1.1998502423232416,-0.12320239463808891,-0.32239320773539415,-0.6324726518654011,-0.8840879164034199,0.3556781183053026,-0.7327249909570788,-0.909555512474991,-1.6858046323629972,-1.7590053562348884,-2.680499883294185,-2.009731482164512,0.13387411143979122,-0.17739831697328734,-3.2232056057712954,-1.4782858584556302,0.24464103659678216,-1.3878739383775485,-0.42044988273213235,2.53951237492398,-1.0168112503776694,-1.2353054856261592,0.15288533005362037,-1.0378182226315702,-1.592577293939046,-3.099825708976167,-0.5121948646023777,-1.6955630615587358,-1.64769283801236,-2.6216597656997243,0.0836500315722466,-0.5233296159977474,0.45397385931746914,-2.068057720795391
2023-03-13,-1.5972926519605135,-1.1504911316412736,0.5664031732860897,1.49622108054559,-0.7983501237850188,3.006159602649383,-0.9964339230148722,0.18253061124873238,-1.036658356168385,-2.2876268299707125,0.2920280431358835,0.07334408748167487,0.7743298045700175,-0.5238217268743184,-0.5362135201912754,0.7277401432091324,-5.814338296220378,-0.3816722874752876,0.3800857471409014,1.2685733409333766,0.2561825300526621,-0.7726462078676666,-1.527482224645338,0.004358704938400848,0.9765784726451399,1.1931987602143312,1.0229492169701038,2.144093450892526,0.956399276040365,1.3266035941400522,1.013348097179101,-1.7957280908135975,0.38350742515309566,0.2667329241235361,0.40071281832625427,1.3108795414138896,0.2669429479773111,1.3454220635156222,-0.30890066693545215,-0.41741386683724624,1.8736877387233841,-0.6483517202253264,-1.8200362285135774,-0.6012347128997675,0.6924609712159357,-0.6914233564430106
2023-03-14,2.27279998038592,0.37544750434457264,-0.6477037439253097,1.2504179156843431,6.633330899047052,0.795102298831285,-0.0205429712982097,2.1017015085357915,0.8207366617212886,2.250262572176198,0.5314150175962817,-0.33155860878096854,7.252631740542892,0.8197795000545849,1.8312505377985344,0.1940980656272684,0.8768852963625617,0.9304879506065955,1.5529835092192634,0.36663391629616626,0.4872040571710423,1.953656492438749,2.793967331405356,4.776626772523662,-0.10362554119683898,0.10035596669621949,-0.435649269772842,2.70558066537383,0.5618715693643805,1.408914534442518,0.36782710789122763,2.5676128521246344,1.7192006010243066,2.593809953603232,1.0719201262556322,1.0581407512449958,1.8553205561081532,4.204891524012355,1.3220462699522262,2.7253860977735522,2.65065123894086,0.46555929747402747,1.8761842363496095,1.2916562952861588,1.2378825173130714,2.3527092781867154
2023-03-15,-3.3611755880052163,-4.974749675398204,1.7290271236989563,0.13648549841578372,2.5500325154424353,0.7337862647192939,-1.201847928855726,0.7760545025102594,-0.27849414581263554,-5.0905913408729635,1.1151328786961567,0.8404222554645235,1.922479973921165,-2.8440575567609705,-0.6974805302980558,0.1829622730387337,-0.9388054784941424,0.48807231099683435,-0.37825879747849234,-0.7610337049663407,3.0006123381903116,-1.0472920320965584,0.08400047717764814,0.6856974870145249,1.7864381520905415,0.9523775469368445,-1.8684943476301896,1.783041429550547,0.2793710626856516,0.2621484880574121,0.6663372760316477,-4.72440630056401,1.3011315246159727,-1.0150876112539287,0.16547666472588318,-0.7625308741573411,-1.1190541533421028,0.01093787113986,0.020388176142871473,-2.3850653359167584,1.391230747297123,-2.499204274094724,0.616991703452574,-4.329430015489432,1.4158034778608553,-1.3434696078530761
2023-03-16,2.2240401390125397,-0.5806003247417868,0.9752086580869346,0.8048925472197821,7.716322642057283,0.01820197205366636,-0.8213785940890617,0.32945063917013684,1.278198132019348,1.8971826053352903,-0.5680646098875974,-0.4305970167443496,3.630843325300259,1.488618609181347,2.098674278887591,1.4158942142951325,1.6848000915848704,-1.2952011396171192,1.9310056223508898,1.2576618384272598,2.063922063699053,0.4991438574554641,5.899110955153319,5.419351555624363,-0.06794450130722662,0.22343213392526096,2.217403953227204,4.0536504169149,-0.20732576065085606,1.8694024991151137,0.5502718186430444,1.9413699419186026,0.9401572370599132,1.6708200188103817,1.5881996862993741,1.571193593795539,2.986243825557855,2.4000870929717477,2.1606121347905516,2.6515596692022747,3.9916882423095768,2.742009716057825,-0.2694424630008352,0.3185892227909104,0.7473634422952902,-0.022980291831264932
2023-03-17,-2.3057193867761283,-1.1778690057383745,-0.5794783559832761,-0.6954311992722673,1.283641701197058,-0.10621146248142033,-0.628992247408533,-0.043098408409103506,-1.156012256550587,-3.25250127093325,0.8099447686387151,0.5789431166968173,-4.547890693664735,-2.763808059734274,-0.21550114624300232,-0.5338733681464647,-3.9696225260183238,0.574084080197057,-0.6013203125281752,-2.039779446640688,-2.1157187674150313,-0.027588972679182255,1.3728115673271146,0.720408876515588,-0.7818195382528259,-0.6688116345964223,0.5187439155008633,1.1694353099191312,-1.0712159381683684,-0.545399570457028,-0.46434292344864625,-3.7782046262179514,-0.7346256897906134,-0.8688228795852071,-1.2455168813849005,-0.8016700432007751,-2.5587520564644195,-1.3080602820733311,0.13967040575502132,-1.7501659570239525,-1.0895681300578386,-1.154517753215678,-3.01844417207775,-1.2638518588991676,0.02799216949951333,0.47701433818498895
2023-03-20,2.517476344236158,2.6141831624729273,1.1101904985241662,1.232002693604839,-1.0527379577363938,1.3427323388716994,1.5929932182040751,0.4599145722244513,1.094425220879991,1.7343786666725203,1.0760404322752715,0.30167310690283333,1.1246853133161094,2.97042449154743,0.6728113320876083,1.5889225676417817,-0.251616447131886,1.739605304667835,-1.7666843464311244,0.8865034374623049,0.5370691541392025,0.3495989563370605,1.3235019937741122,0.6802721088435382,1.4046658976137216,1.7705850428157532,1.9938991411046603,-2.576667458101811,0.9909400567333027,1.5483856594147083,0.9663412394766091,1.0571539981028888,0.39646234837749095,2.0191277479586933,1.3248420155762997,1.9634557507286043,0.7573283169619138,0.2163883599010319,1.4943201636583137,0.5901231976960686,-1.2531560404374087,1.0199993100453497,1.6810759132095843,1.4703988099065812,1.5392244245996167,-0.09723146876424726
2023-03-21,0.7349223022689477,4.480235045864855,1.537198729899325,0.41634548093525403,-0.9089941902801435,-0.7553945485315849,-0.6230565113058639,0.3188250467946796,2.4623218687821913,3.6431634635905263,-0.3406646123301327,0.058764746047668126,2.1990830378667336,1.0085169011026185,3.6386169745471486,0.6583392118190368,3.027027576893304,0.8282164224349353,1.7984574120062602,0.4700088771533162,0.21630244536681165,1.7419191161732517,3.124998948771718,1.154436383928581,0.23649877673639352,-0.36756011083211027,0.7129736249272156,0.5693669802799839,0.0,1.1944043355293976,-0.4620442018929194,2.6820820589197547,-0.8029493228247087,-0.36927073828075807,-0.19575932570510268,-0.41861619950972484,1.4624188257493786,1.8515480031207732,-0.5300414808839249,1.1133924480565938,2.9679680207260972,2.0075242733757825,-0.29286496274210094,3.0599014565342086,-0.723492926728575,1.502915189267906
2023-03-22,-0.6299425647177448,-2.2888651588787945,-2.135715195020127,-1.9774223571216276,1.7200057548523606,-0.03322341112848015,-2.1815075208475254,-0.6784129908393388,-1.6987770603849928,-1.363232145769322,-0.6409322953020324,-2.3563581856765325,-1.1624485857466782,-1.0542544759671202,-4.864262861764557,-0.953971470863979,-3.3228428047191283,-1.1393768142002103,-0.6692056139011582,-1.4949681150198568,-3.8882940306046,-0.8605528313173183,-3.3429559416432664,1.0267577165829156,-0.8426493153688597,-1.5986269466462422,0.3653790571526816,-0.5442290309805031,-1.845471667525178,-0.9103375765229904,-0.4476134932521192,-2.5813861112753744,-1.6321700464060784,-0.9155896489742799,-0.8659917885677659,-1.1714610090005628,-0.8334033924693895,-1.1500944738079055,-2.387998002094238,-0.4275201779459281,-1.8984232685839597,-1.6885306026920732,-1.0801585936699776,-2.033764537083327,-0.06245952412897715,-0.9983922038221071
2023-03-23,0.6427812811480083,-1.1282118672607644,-0.6353579632016326,1.0607253248409387,2.7669572633507666,0.5045812699314256,-2.2734719509287182,0.04922905530460042,0.9799792310036803,-1.9531726915326009,0.809915050861898,0.4600043798628217,2.2371259072721417,-0.6386340692621673,1.230126544521437,-1.1797580503815963,-2.4240234844030817,0.1608088167965427,-0.13474116875757947,0.18583808654848433,9.0064653863267,1.1588758631068563,2.0154291330454654,2.7316046495378554,-0.487224880808812,0.4248993649254018,-0.1365183370196088,1.9721601779969733,0.05296380631469866,0.6969424721616102,-0.21648804290909096,-0.2673408976131775,-0.4316736903824281,1.3171238482990066,0.6533019867471124,2.245918578867423,0.251715380034212,0.4986370500033477,0.545902020487099,0.15694817175859743,0.010133876939955044,7.261020706113408,-0.16283349277842474,-0.9931460107756918,-0.1389022774599069,0.9514883233398885
2023-03-24,1.001966883155836,0.11604047254734073,-0.13901330052071836,1.7514486414728525,-2.3234960704204943,1.0491765339802006,0.5317418575205624,1.5396886690889122,-1.8261504399062822,-2.201770496047639,0.8176413287733331,-0.313484779316453,0.8468747493033613,0.0697956929873067,-0.2149310850680375,1.2938619150226538,0.6303302952246126,0.7760224181486919,0.42097328778034626,1.0408124919306871,2.5033616298294037,-0.696346582689944,1.6151738360645318,-1.515205421536181,1.95844153768292,0.5226391221965887,0.2620200303363962,1.0480456759089485,1.0057493314120425,0.8305637140308741,1.6355196710294617,-1.5215953381342184,2.547087041047602,-0.4787005697620472,0.6342227898694652,-0.42712039672608837,0.5021667291776888,1.3977779999264195,1.5684629716703258,0.552965167009245,-0.5875816395847999,0.12516162574778278,0.5468671941535552,0.9966303673001331,2.0376965206907904,-0.7732058353907556
2023-03-27,0.6816551424265738,2.1926023846020826,1.3363126674136305,-0.3037733203178128,-1.3680412247472518,-0.4551813206439048,2.0385658117036742,-0.41391204866025877,1.6369057031831558,0.8219165525026773,1.67136232793903,-0.6183308840123858,-1.5387594065685573,1.0492952461672145,-2.4024534403728093,1.241623518007029,4.974209328776302,1.0355842831148987,0.6717867847766179,0.41815171966379516,-0.22229999505607445,0.34835650291986653,-0.48271751649284766,-0.9261028818078887,0.22335650424534226,-0.42089226448763783,2.420178311426424,-1.4933892903828516,0.4258166926061069,-1.2293330490621424,0.7389112265472786,2.86606444003481,-0.33029461214977296,-1.4665822508644122,0.9250764345416274,-1.3703902142150115,-0.08059053355143897,0.6313779667771691,0.059404170162102865,0.6144077339914178,-0.09171134251457769,0.7205762808045524,2.0324400681229093,1.0188365774475017,-0.5248117965393373,0.8503268903329309
2023-03-28,0.07778421461375196,1.2476396772795217,0.13736054847062196,0.4506850007335972,-2.1219366926886862,0.9115351910302882,1.7602644812872548,-1.3077347655912397,-0.8366482208518988,0.283552259644293,-0.3884274314483127,-0.15998211932637396,-1.0648805467888267,0.2577432178585415,0.05093386744061679,-1.9340127500023896,-1.2986975600465023,-0.13140795975129516,0.21886812128615318,-1.37111284598177,-1.263509309090649,-0.6672339299247265,0.06699718721403514,-0.4560670409002987,-0.03343518610851026,-0.5718482172346384,-0.32172711526462505,-0.41609156819140125,-0.9654244605848961,-0.39803218740557256,0.11409893490665901,0.3035253887437861,-0.2651174061030326,-0.3413972555602163,0.7340088345403117,0.24852145108527068,-0.45166606378815866,0.5437669009682455,-0.29679888535208976,-1.3281386423527164,-0.815996577200262,0.3796239904110932,-1.3092691685058777,1.1671498052120866,0.28092254699321195,-0.08177909525325378
2023-03-29,0.6793954291718363,1.7176944214174483,1.3717423728784928,-0.15797154955162762,1.6180190554138107,-0.5271757007668909,0.5200019593690097,0.8422858679372425,2.161994366542608,1.6022680241326581,0.431718914915602,0.9044861338569854,2.327094677185504,0.6753812636165479,2.2227836227512787,-1.267508232378145,1.9559005001634988,1.2631518363001026,1.9922304219845977,1.5549334439153517,2.630443266139393,1.3479766888150335,1.5425843223826563,2.173415411480595,0.6910803900018303,0.6501545957648069,0.8569875716550879,1.9183950036463004,0.9814188924342826,1.9790784163457031,0.716383025925782,0.20173594457473243,1.1563035237683872,0.12805951294005968,0.5763988771832596,2.0001013591218753,0.25521178580676374,2.2568883354216585,1.5479195143175417,0.16600400154000994,3.09543624265336,1.7963665581099297,-0.5780352671350908,0.8589849332259369,0.30745360185560067,1.467561049606303
2023-03-30,0.517541389567655,0.4864132016229705,0.5412741711963598,-0.05064179409959291,1.862837947493512,1.4350882927338438,2.005913747247323,0.12427615896957178,1.2697385079639245,-0.15074162147228343,0.9984085358381023,0.7058159596947444,1.2125591236261224,-0.06924908028564936,-0.32367781273379137,0.7436938742660493,-1.2905505345266355,0.4677782909474626,-0.19846705581239021,0.46644226476635353,1.9275348372176815,-0.42095853718620013,0.7226474859982179,1.4786504182199733,0.08856127953229542,0.32298223521065594,-0.12137928189152047,1.2619792178901301,0.0782695969593572,0.9889874896285455,-0.016168988250531147,-0.3019976621379761,0.6306605225197881,1.318944844124692,0.12615560136810533,1.7675742690094198,1.047696972697132,-0.020338327022451086,0.5081155784556035,1.408618561679087,1.74563591022443,0.9716331919441767,0.9531071458748652,0.951136872741265,0.4359368327717661,-0.07509377582862742
2023-03-31,1.109402572022189,0.1552755085989732,2.0457562165600907,0.9181866902568725,0.13282068498214894,0.8013189678778287,0.6520360541391712,1.0966818670577805,2.069315811286576,1.9626084702896396,1.2219440384896751,3.4202446967470657,1.9726742570040035,0.8272337476720626,2.114905035635495,0.5382289053391442,1.0600747438053393,0.5949348487561235,1.5176116018450703,2.200241509929235,2.0831541125555075,1.394133618624016,0.908615154794612,1.438849882997184,0.8129188772980855,1.0401201903083246,2.6626784684018467,1.4962155193252835,1.0232727622795368,1.5644198684551247,0.2910271780379947,1.2116498026291334,0.6397774077469887,1.2291878544132162,0.6551628030733614,0.9606911240873206,0.8967134535666332,1.6174936811074625,1.652730812200387,2.380237865498658,1.2647067799287592,1.1144190428478362,0.4437322779721642,0.4741697612876683,0.8409628539941982,1.1551505118390315
2023-04-03,0.7483692448341905,5.900044534252147,0.26377864171744925,0.6588487201748094,-1.4794455117154937,2.1314876204473476,0.6683820317520794,0.032201782078122854,-0.36951475815093504,-0.728931022121404,0.8409619315583594,0.8843914042842904,0.5331720627515413,0.8934707903780037,-0.7909338107718544,4.570559315875178,-0.03496583478479476,0.84854559470533,-0.13917982850211175,0.3258886329851052,0.810463038071263,1.5701231627105683,-1.3727089840798956,0.6768207355618783,0.1097075945661885,1.3480319074384406,1.0761994492110682,-0.37113314323447,1.19355232484879,0.7701660097114926,0.5964900110646543,-0.11511187354074082,-0.5319196320311859,0.14496254444513745,0.9048422550768098,-0.9945595737993917,-0.7736855261809228,-1.6468081420740077,0.05738561967536526,-1.0930457599007792,-0.8519675143944028,0.01049439536042751,2.3310493196364135,4.1615549973842425,0.5514813322458956,0.8420155250397299
2023-04-04,-0.08378059353066902,-0.9558233703512387,0.13256377305543854,-0.3989555602421313,-0.7145762525449739,1.1062327110247239,-0.3677227831874963,0.14083744442490165,-0.1904595402341558,-2.6847177644924836,-0.9819141996056491,-0.9303796826102273,0.7743905006647234,-0.4470367847411394,1.6602320233917167,-0.19021073610603345,-2.1336152749070414,1.0963815562454293,-1.6054151408656847,1.1910661547437362,-0.4393013623117725,-0.5851504105005678,1.3339316731571182,-1.8308582974912335,-0.35616103916952246,-1.08826164607162,0.08517860465502292,-0.017414026610629296,1.0455845239598416,-0.32496327611534204,-0.30449108455141705,-1.3368200495714522,0.6391098276594676,-1.2545329628049107,0.049615128514757245,-2.0417136320750817,-0.44384046807368627,0.36133718521516034,-0.19260840716043282,1.0717956168649234,1.5037527888523972,0.0,-0.036741907337367596,-0.5354537678435634,0.48157999893809755,-0.7012864981622902
2023-04-05,-0.612074487457348,1.7127489268681906,0.3971345230704415,0.6383837916554613,-3.4525973643056873,2.1487846461271998,1.2302613665970963,-0.12054803273843229,0.341472299213863,-1.1789710262202102,1.6572742357487957,-2.132485153771002,-1.508944427507608,0.8211093529487234,-2.255639793401254,3.2397386693011843,-1.215154246427541,1.1601506260322303,-0.6348047650444832,1.3715914860367162,-1.268923978798664,0.22401608499691417,-0.8126716688080071,-2.0835614490719467,0.9843240176268475,1.5892368327642847,0.9468034634813494,-0.9889255555128096,4.4923937601192065,-1.1290312908941003,0.9484008379211595,0.1491150872207081,1.516327259481276,-0.8511788287533739,-0.09211058762554902,-1.7738280582109356,-0.5140970364131525,-0.9584175552216134,0.0,0.6386880354334101,-2.7417013542964663,-1.5778098662260431,2.830103628810021,0.49693068507037363,0.6856144631312233,0.12661271837102195
2023-04-06,0.2727710864879551,-1.658260206846407,-0.6065389064936366,0.4664183392503851,-0.09723027254149308,1.6701628546462732,0.2937015614760785,-2.242869577787965,0.060051602837152274,0.4414291356633626,0.7550002031386116,-0.02079470446517684,2.1846086955329636,1.3796394485684038,-0.5624485497051301,0.7030195579658782,0.7235917776986511,0.05828828696439192,-0.43294529197616116,0.690915835969319,-0.8821438520251856,-0.9554247036685837,-0.37170382466699126,0.5803346500361073,0.3920721101590807,-0.12033798203403556,1.0854660057247223,2.553284750344331,-0.27776505776936355,0.5495854339379269,0.06369572613582619,-0.10970879161416036,0.8170552466330916,-1.0127017087631085,0.3084978613779876,0.5191832807572627,-0.29874454723131105,-1.4131352932959418,-1.0613648018131472,-0.7777756492182597,0.9495540049077267,0.13152102866280657,0.3752999331618323,-1.3126977408944862,0.6346676346609348,-0.6377325571689685
2023-04-10,0.5552782155166858,-0.4432878268555429,1.4327432613506996,-0.16713641015316805,3.255112032545915,-0.35026701826570417,-0.46450478657263927,1.6152838935759695,0.840248402154331,-0.22568136989780108,-0.1923125950123672,0.8870199251953981,-0.6247135887950672,-0.3148502630725636,1.4057581302995503,0.4621585243015369,0.3591967705518506,-0.3292833577066223,0.8908628475424729,-1.1722182706108586,-0.10019637265927805,0.19469392584583467,-1.1429337976238796,2.004665282989393,-0.6292057161363718,0.5542197982126407,-1.8425403776055171,-0.757884570926104,-0.5025653060489077,-1.597234363116229,-0.23870389165288053,0.32948785198341213,-0.6838051249589916,0.7628806193386017,0.31460429310854465,0.7298461009353607,1.0446981301125646,-0.5505050853251925,0.117030178964872,-0.17206748524961624,0.10778033801970288,-0.007101964525202398,0.24926446606667874,0.38174733847207154,-0.8277434099324577,-0.36793829855151783
2023-04-11,-0.08645625856328332,0.7071766589173301,0.3923660153675623,0.06200530148192662,-1.5186473886224738,-0.8065341765532863,0.07101521258083832,0.9760504925025337,-0.3868657862249769,1.2976119399976893,-0.2923321082440866,0.8929407102503006,-0.4190891252546569,0.9024134312696663,1.1401848477513132,1.1238747835045526,2.755900270926781,0.25413543251882054,1.1510647018538434,-0.3953617473849036,-0.2300949295752308,0.8921070687829546,-1.3661168500830545,-1.4866405513192515,-0.15283776417091,0.14377899431399221,0.2239751276536195,-2.266846727293359,-0.030430288174920772,-0.7591098939752738,-0.17546147402121015,0.4926146577677537,-0.11475706609070935,-0.9276538019942882,0.24667425824314027,0.25080917797390967,0.13625535217909324,-1.3577764002980497,-1.3832123004920094,0.3516992100369931,-2.2022120390757682,1.6508073864806905,-0.10656491069319651,0.5526222423629656,-0.19873349227401693,1.1078997256858347
2023-04-12,0.30704985443561483,-0.10402900403087001,-1.928091865222914,0.6072639609641106,-1.8079304161561782,1.3762159168223986,0.15206967437861874,-1.8650348827781937,-2.4696233546696034,0.4465886972361943,-0.4864474759509019,-1.1335353156549433,0.07013976722158866,0.561564059900177,0.2919712907066607,0.04223501365814286,-0.8011130253247511,-0.6337135492145762,-1.3509998937752177,-0.7067571665427597,-2.1229392558424487,-0.2801459749184998,-0.3287356178167222,-2.480764906256927,-0.19680768311568508,-1.0050264239035434,-0.07449153337756309,0.23335703194284907,-0.2130675682792904,-0.4353249490931521,0.17576988244782932,-0.015565104105141891,0.3191217917878353,-0.7834990523677643,0.2882370553198621,-1.289821470489827,0.03601582204739717,0.7570585733448265,-1.0075036197046638,0.5152799677235143,-2.0916697119598093,-0.5083909164807499,1.1201014847172397,0.3545716222594031,0.2721402218722968,-0.6453755724612487
2023-04-13,0.7263073068685788,0.4686213560280095,1.0892663497886979,1.1250606064514779,-0.2599431261825602,1.6528907805031023,0.9717573393824841,1.7451704655883526,2.9609902227839324,0.25740703625452,0.10045016937247908,0.5887589315191288,2.9672925717362686,1.5015511892450872,2.240010157718575,0.9670135658272461,0.2808986130333757,0.3061197182379072,0.6057399600198243,1.5286675727242738,4.579646472529153,2.142133399585222,2.408816889258225,-0.12078026400266229,0.996936540621185,0.24172314469750322,1.7571900948523123,2.2399401468340185,1.3360190738588962,3.4103655712385272,0.7337739818898958,0.38132723203430086,0.33083362812820205,1.2226330270952657,1.321422955680518,0.878625265609756,1.7762141135832188,1.9440924789053238,1.3769679072134,2.033318338360335,4.6713683014299345,0.5321325049622239,1.6087928185096079,1.3367029300252131,0.46336367675976486,2.1753538459124533
2023-04-14,-0.6326605374638361,0.24186925194094044,-0.23653128618260633,-0.6761362634509771,-0.36920007754494,-0.1119482535795191,-0.27067332638236463,-1.3235875997533841,-0.9321646629795843,1.1903326079110155,-0.6756420300121913,0.013694521909202173,0.5173584561249722,1.067731681473627,-0.3796593812979254,-2.7440420462105597,3.361348073434267,-0.25431962079658366,0.9790572124107166,0.3378037564514047,-2.183771196533413,0.5715806655484323,0.15311961682553665,1.1147570702572107,-0.4718572258035847,-0.6751908484605385,0.16744743862349143,-1.2765600801139088,-0.16254546473351006,-0.21139526133133746,-0.15835674806338185,7.550965051235048,-1.0526339215175762,-0.7529175125846388,-0.031133059677712627,-0.07258463363990497,-1.077003833859913,0.3247034378675462,-0.5118077272401322,-0.3873899156578431,0.1074224694457282,-2.1102777177810172,-0.2336081226712583,0.20338550233240937,-0.5073491726553248,0.7520624442578505
2023-04-17,0.7451254137758934,-1.1632984530357326,0.34246857547584053,-0.2537308443599673,-2.0490433279759857,-0.6351279498756246,0.4624035675010907,0.5373532328150965,0.40040192169095157,2.975433780974024,0.7004361478693877,1.0985972922608278,-1.1874146993479884,0.38306451612903913,0.1905561722742144,-1.2583290673680692,2.879405041628913,0.6119272215699079,0.21776185257722513,0.5386663750725162,-1.7452687525887134,-0.2307522499830683,-0.38483616328939263,0.9118777800473765,0.5122350114675767,-0.024274203196705813,-0.12538161919333213,0.9296054408186816,-0.10250734002607009,0.012097391772747379,0.6502773233518333,0.7929115096896533,0.6665012751024602,1.2622280404112285,0.11419010302453625,0.5978428208346154,1.621171319878889,1.2483986698004212,-0.5144482222409041,-0.04076680568289026,0.22436418178335416,0.26141843736011694,-0.26016427778592366,-0.8814684823363006,0.03310839083154882,0.0886118455371232
2023-04-18,0.6954571467433501,1.9529240084873,0.4725657769879321,-0.986472521492765,-0.10014906479857144,-0.6552934341645611,1.390833856006135,0.5992605873126555,0.6281128955627935,0.6271691719246686,0.2207058900660419,1.201766548374028,-0.44320625879467057,-0.34143402289615876,0.015846455883616883,-0.17215694205597876,0.625612846422885,-1.31779135790272,0.42940477024489,-0.35399457431196657,0.29454525809466947,0.05139614965636863,-0.0979110980150244,2.4627896765545776,0.20602054166427575,-1.5298708398095107,0.9206035323004569,-0.1488894369654492,-2.8128229091650248,0.7504746819640085,0.15758318667047355,1.1227862725244009,-0.3055740526762385,0.7906181599830253,0.5530421060515156,0.14996235996005414,0.1524983962609916,0.7205186501685779,0.059671031667751784,-0.6354044154779137,-0.42826048390145477,-0.0071503430475128305,-0.15650839216798662,-0.23402404678767308,0.10593008207979704,-0.11803906800058606
2023-04-19,0.12059156611794464,-0.3164052780454174,-0.05226145159247242,1.0151077217563254,0.17821749196356151,0.15138426192604637,0.1776377202438839,-0.17508661861020958,-2.159913106692013,0.6677800902729514,0.10677264204026482,-0.6823911897046897,-1.005095436936465,-0.25231761386537155,-0.4278590598561949,-3.6235328221542296,-1.6361256830427107,-0.873138583920452,0.9839311534682871,7.815649803544011,-3.1705174416594817,-0.44091984899166103,0.6780552619160884,0.9541995889442267,-0.05951447776973984,-0.7644815885971878,-0.6841543005679296,0.027748063667720757,0.9440434285564736,0.6968244860876993,0.18879630159225336,-0.12729326983778044,0.8173682818701566,0.34476098344671247,0.12374457634005687,-1.7968110792335623,-0.5387756940264499,0.2115859793175412,-4.512026228981158,-0.8446470206774026,1.9550341547772243,-0.021430761689167355,-0.609600771988672,0.09382383257783289,0.019841507580897755,0.12891610961214273
2023-04-20,0.5584321695424332,-0.7978018462437064,-1.35947832095078,0.32876295342978423,0.1890128578282635,1.1714835383289213,-4.728601074518757,1.9252864350854049,-0.68860790397548,-0.022112246151584358,0.6399627684758435,0.5590932072462307,-1.2192812523101337,0.27316000872819046,-0.9707975160968885,0.2591483373945991,-0.5322682975872572,-3.652849490026344,-0.5356327658126103,-1.727671587486812,0.6901494862672886,0.8728540286907949,0.03946868533952763,-2.960863945422143,0.3302298648334867,-0.969187462484733,-1.0228533060338885,-0.8112417252349569,0.6460364607420166,-0.584633912413024,0.4396965734218439,-0.29032973981398813,-0.24069221627815995,-0.23325145291568372,-0.09269372879304738,-0.2597762331273956,-2.52001817686216,-0.7088295169356718,-3.039132091275132,-2.41240009771182,-0.46980391066805405,-1.554128688235834,0.03504855558571496,-0.48628228725217104,0.3665991336443186,0.590132049106451
2023-04-21,-0.3103347296845471,0.3199622433905036,0.026509770346727635,0.41424393853728425,-1.8643882963005898,2.7827388119586294,1.0960578726382675,0.1523012771979415,1.5295197355641221,0.7630284529858589,0.5034024151303607,0.49234725010636193,-0.0844830001326291,0.02115655853314191,0.8678198935624382,-0.746724694265466,-0.10033036682142171,0.3495592173049289,0.11796212333401446,1.1871365710036663,0.8083617130702381,-0.23444378334591676,-0.6811119421910816,0.055340131255765534,0.04316723156763125,0.9033819370058538,0.33744562759190355,-0.12232204531675839,-0.5440759137340212,-0.9780875383533227,0.1407191503650429,-0.19175078271597146,0.3047591920882997,-0.018955975085332977,0.36426032941365705,0.2264826122904129,1.7999521972373866,0.7695834715889971,0.9660732729773747,1.0160267302344872,3.034391291745231,0.28306979272412214,1.0510682288537687,-0.4297974448603914,3.4603917862098488,0.0639973958333373
2023-04-24,0.49152626977619907,1.8877597015373837,-1.4043523328631458,1.0282606559259166,-0.9725213246451037,-0.4905965811684787,0.5932309000399538,1.001289925763138,0.11047565600954545,-1.0096672224599645,0.6788411961624607,0.5332642507494434,-0.046975482081046405,0.3716723240096309,1.242728888523681,1.058243776544865,-0.36826450371932884,-0.5894995243894252,0.3278529396793628,-1.1284274537938566,0.3170857956301232,-0.5511646690755101,-0.08738239153500693,-0.283929719657805,0.048539095039679125,-0.7460799421095454,0.3047828805851083,-1.3962838100494368,0.608513258048271,0.18785510452818954,-0.15613159102826346,0.1351945712843472,0.06330301697696772,0.2591173250150458,0.3903357727751855,-0.6327009450905252,0.6091565048035541,-2.0650156436513467,0.7654701673308173,0.45829750048178575,-0.7011967150520215,0.3329401340573579,0.49406230497910375,1.3954592469780147,0.17940588592093576,-0.13590748889219517
2023-04-25,-0.25814846928655655,-1.4213157649730523,-0.8331028385408112,0.49975137510906986,-4.305123508284348,0.38867356217640037,0.3457081571532683,-1.6131594835980922,-1.67535931363616,-2.3725083675441905,-0.7789926657858603,-1.7603858302290387,-2.4625172234151727,-0.6298043151028554,-1.912025136361395,0.6094839799255736,-3.0913980820507225,0.5390856365640184,-9.987242272308695,-0.38949302466719793,-1.9664462454389908,-1.3619186155347962,-2.0538506586140537,-2.96206248350237,2.2695453983111458,-1.45326115416462,-1.4459396977276162,-2.253602524585896,0.9164223283973483,-0.9435679020001753,-0.15637574296373247,-2.1743747967690408,-1.543523793739554,-1.9730763907131244,-0.5763991715706074,-3.7009685911563506,-8.791036003062436,-2.1803817155366167,-0.6330433444278083,-4.513317684328467,-3.4271720374965953,-2.3624843256875527,0.5088807361279812,-1.4520587219580383,0.02557933135374224,-1.654527800085237
2023-04-26,-0.5612154885564435,-0.918300385096904,-1.029813150139658,-1.8799217461903495,2.5536984626679526,-2.2268980387542436,-0.49650975888362314,-1.691275631159872,-1.4284271965762763,0.43153534948368044,-0.4354416124739413,-2.787426052824571,0.8913470573475246,-0.7295319038924553,-0.6577950426195911,-1.8234674288202912,-1.386961221962335,-1.0187696404499458,-2.1101521200923568,-1.1093945686648232,-0.43403935807400096,-0.6272102670995872,-1.7668223826401763,2.7247413576850565,-0.6167378558470382,-1.7798172603165519,-0.37210130045247647,7.24347567962329,-1.5498230246435263,-0.006111211357784363,-0.46985003011729143,-1.7723559772347297,-4.818812663461635,-0.9372716161510697,-0.6003224388099082,-2.9104344024615147,0.20690362350683777,0.44579960753052816,-1.1679745917994477,-2.7809183165346973,2.3496184744855597,0.1883927687660547,-2.660257879168404,-1.781176204380186,-1.1573614461651838,-0.480283564305406
2023-04-27,0.1753464790239745,1.195327342209751,10.268345983009963,-7.9913520956079065,1.7454037204882589,3.7419983546419067,0.6313673786658258,1.3362672749692939,3.436496919417764,2.0578855244074434,0.3114402872497424,2.034222655108686,13.925503587418664,1.6683621566632834,1.5019385217653447,1.5570946937771613,1.5822744273578104,5.065013107598015,3.007466577158202,0.6896551724137945,1.4634944095767821,0.37694974932560577,2.3026540862000067,1.0016368272315113,0.609955020804609,0.28475124019062825,1.4192741906397632,3.2027597966830967,0.23367660449051808,2.8395262971232293,0.20456501915961933,1.3458606682837493,2.4031305341307485,0.36027372958491455,1.7117584511023631,0.4925154536330245,-0.45167249376015794,2.3078519581992696,0.04297476873704742,1.8550849807471348,4.610398345515931,1.563371883611242,1.5251726635626683,0.5844085104661723,1.2226674649118419,1.8840668224775037
2023-04-28,1.042007823530211,1.2924691367539154,2.731558136620338,1.511385822394118,2.2072281007415206,1.4115438675809777,1.1637335857420883,0.38901433047897616,2.571799946938569,0.5419909560747671,-0.2708408207140578,2.2488402115641737,0.7377639938115355,0.6363818290974654,0.8114592658907682,0.3302944345537018,1.3499525968727166,0.10312171844093498,1.1532467721552697,0.885845863655832,1.2521057222167231,1.6243795728422272,1.6531107395627798,1.920950665230725,0.6326094853696063,0.3872000334436576,-0.3367000123544184,0.7971732770402085,0.42944598051668503,0.7541051163466816,0.7380672400294053,0.8682980043107635,1.028343829911882,1.3081979927218823,0.3494838406048917,1.1677849589096345,2.3723124780063998,1.240171810505064,1.4819557696679864,2.187765543721132,-3.9792412663683385,1.75712329765767,0.26918856263959956,0.9763431641857556,-0.05751667232601898,1.7020325750041643
2023-05-01,0.7741197068792616,-3.101227224859604,0.652647968901876,1.7138775015650642,0.35806163700320415,2.5135250070993154,-0.6201887956500673,-1.9136756350214612,-0.28292772246569786,-2.267423460985696,0.41067199322113446,-0.944964482978683,1.190073761817123,0.10340439070950502,0.946967279579014,0.7336088715491407,-0.8196713302251579,-0.30904646130111013,1.3291769067292902,0.5793422490960376,-1.760978900849175,-0.0945310285455414,-0.9031686842248643,4.183940422259735,0.4138473930843656,0.8228327664881352,0.15836309538193039,-0.5532813099654588,-0.06108176334186366,-0.053040184107977506,0.23382934109268394,2.141197437397735,0.22185280495004012,1.827615675503802,0.6187613093036726,-0.3110107403037743,2.0345244991444744,-0.29238385105169185,0.1904765134135289,-1.1533653149178535,-3.2242712137328766,-0.3103910559295153,0.753438215978397,-0.7948726559117714,0.12150047031180833,-0.044736844007176035
2023-05-02,-0.6097040177693969,-3.9853491712182887,-1.056672990293961,-1.3597108225818166,0.24529068426200062,-0.39674033556149624,-2.455958580258355,0.24716403847191426,-1.5751889489999504,-1.8651192811970252,-0.2704656337482292,-1.1488119877388403,-1.6201938075843914,-1.8474374255065595,-0.5159443731723501,-0.4660071619342565,-3.0303066128510636,-2.6866467065986277,-2.3929686459612576,0.3510029587850738,-2.027029317288287,-2.3783865532404525,-1.46732335264822,-2.4213074549343183,0.2973744501247433,-0.3825587586297252,-0.07378485590561201,-0.04908819795876873,0.8740786200682971,-0.6191425491071323,-0.45101228890130907,-1.614730048565527,-1.1197924168987128,-4.014418819895161,0.16466858460393308,-1.643862103626148,0.43850476867939303,-1.997066121807245,-2.070129993826697,-0.8532347631324044,1.5482549283793778,-0.9591378800976602,1.3323045388931254,-4.3051973035994395,-0.08942622589750426,-1.0082627073027872
2023-05-03,-1.7673787682144448,-1.970939717748399,-0.7524305037631684,-1.5631151520323683,-9.22033208527272,6.677388975692988,-1.0834826251981178,-0.9599642426854627,0.2584514315846276,-1.784680610949252,-0.37042673135135873,-0.40777905804302295,-0.9237613539221923,-1.1119206638332324,-0.4086156402105634,-0.8005861670803749,-1.0653382055615168,0.8229397089447588,-1.1302313719810275,0.23318577240400984,0.5510943370405474,-0.4405709471854369,-6.350025343016464,-1.4463016666318662,-0.03641473301365661,-1.5616996025462848,-0.021101552549540603,-0.3307061830045477,-1.3088551645680235,-0.6467256200714755,-0.5624130578614661,-2.1163277283021698,-0.7242599869313748,0.14044245253388432,-0.9561532638255654,-0.35988004373710414,1.1450282610328433,-0.6345417616470672,-0.8628160496391146,1.2136323594293064,0.019303553981586674,-0.5637051433269757,0.27992351578862706,-2.005743307761232,-0.12785076878236712,-0.3005092376887064
2023-05-04,-0.74278190014615,-1.751128225432752,-1.6385379773689257,-1.2663312493456869,6.11369480011259,-0.6377683797647471,-1.5439217061446353,0.26583068234846685,-3.380927663567157,-2.5250730261338505,0.2799156693793936,-2.501019144293648,-1.4808229021273212,0.19115606439543686,-2.422281636870549,-0.4413214390599274,-3.122759584255519,-1.6587706048143303,-1.4445832465211916,-0.805298415064315,0.4635173952113547,-0.16814820748355386,-2.728461528670345,-0.8632450871603914,0.624420986973262,-0.5721685633819584,0.20046681140890588,0.3318034776204515,-0.4543441128260439,-0.9913453470689615,0.10997595152570927,-1.36784870480392,0.15917594847270067,-0.4957663082161834,-0.020322999236388473,-0.6428003685408856,-1.3193816005740433,-0.11941006531864806,-0.5657056716979803,-0.8684220068548965,0.33767339022539034,-3.154296426633052,-0.7189971792795458,-0.3889565792447591,-0.4608597839039774,0.325420442935509
2023-05-05,1.5437936565050325,2.489624478212149,0.5221260022353347,0.45466759376373567,3.729356546330531,-0.1470502222464365,1.2502652463608266,1.7783581363601808,3.1503332898561,2.7478472658211794,0.8639616144157758,1.3543289998906305,-0.3168916921998055,0.46982881889119366,2.361120896077251,1.4365457267969006,2.6676521654696694,1.2851496025258813,1.413822237963358,0.36081681731612303,0.6172488914093499,2.739358778717005,3.742967521309737,4.056306826007949,0.4602334094405247,0.6800959767645054,2.1059281607801017,1.7157231824574737,0.339226408687443,4.692694746320458,0.4708025998370724,1.9534823079044417,0.0,3.271276853804417,0.48787180632194893,2.955426448391263,0.04539289791622991,2.7081772132461435,1.2034994045483138,0.13561876228080916,1.5961573674128537,-0.3189516335893483,0.26411992105264126,2.5540938816964287,0.3343864001217556,2.270554252841861
2023-05-08,-0.19105868351179112,0.39565625008850525,0.3957453529665811,-0.3918137106245778,5.788073007126315,1.1477096300500644,0.0,0.0,2.437330540644922,-0.5301566479775865,0.6259451284831741,-0.5835240901521432,0.21050154469184346,1.0491216655823088,0.22908675560213698,-0.33584277458302836,-0.07217088082202006,0.0,-0.7681834327224135,-0.32356696336457436,2.618038615003493,0.1941442357175971,-1.2456935746044007,1.6422671454422222,-0.47356676209006077,0.4676459247132225,-0.18562473229849497,-0.6438113759198894,-0.22743738249663137,-0.04033673692525053,-0.15619881187844964,0.24133524776783766,0.7283742640756596,-0.16822153983490074,0.030342662184312807,-0.9649053388275486,-1.3199129335166426,0.15688929821306985,0.19459492451436855,-0.6954844172571417,0.16089169321718,-0.31243613451353847,0.5948308518243683,-0.3932369118101797,-0.4678560105429663,0.22097595159966676
2023-05-09,-0.2652668212004827,0.027492841845777605,-2.389754168653979,-0.42047821635773364,0.021040238713987414,-1.0029568858076932,0.09418581999227627,0.34665390830588283,-0.7672146316033079,-0.07106189550738495,0.17024260395350765,0.9203604917492392,0.04286485312949839,0.4024144869215318,-1.4028994465862699,-0.45470956448735445,-0.10834483953371388,-0.6872908370229913,-0.791329727934309,-0.5861149837110058,0.2807956333906514,0.44352757252872355,-0.40981330933982374,-1.9896463641883577,0.4085819814817482,-0.4913352234625967,-0.6715585491585907,-0.534584133845073,-0.7762889075154322,-0.9971122319303083,-0.8291595658311057,-0.48150844593466413,-0.6310751287748717,-1.6771035885151941,-0.010111152735181594,-0.7429065958071135,-1.7054011609154873,1.6574021629391922,0.28053747882428315,-1.459700633243377,0.746481056277859,-0.506002681379758,-0.802497863054108,-0.2882608776719975,-1.0238224769130944,-0.6666512565474569
2023-05-10,1.1516264186656855,-1.2827547673713968,0.6057589221024839,-0.2792369794976435,2.061854759952575,1.760121502166534,-0.5750162498523337,-0.22564445446821013,-1.0178125977894137,-0.7704178081293644,-0.2810777145968002,-0.5334117504968927,-0.12426331242249011,-1.4028056112224463,-1.270980301586122,-0.06321578276174966,-1.2292124167155416,0.1597055463891328,-0.8323151964728881,0.3990951849489832,0.9875349655682708,-0.8531195341315301,0.39982347631424275,1.0990216451464807,0.06696450150469602,-0.4677775042119636,1.4354038508206601,1.7296408985647327,0.37254941531030816,1.0420875375948269,0.1735299123059031,0.05131006784742098,1.7332594957089498,1.2546296168376436,-0.030336525577989715,0.03067671886982648,-0.7356739919148425,1.8242437425916913,0.5164576231226903,-0.21695529921736956,3.3483395262233318,2.053288081269322,0.40023947839709084,-1.2757659889329642,0.208179071922987,-0.10445341148332954
2023-05-11,-0.5041977181719393,-1.809908307102781,1.279473943110676,0.11610310823058079,0.08245911546360674,-0.08488704562198413,-0.06308891646310544,0.4463056818604594,-8.730474475322602,-1.3019636304252846,0.37364277550115954,-0.46361842838115175,1.1626872463483373,0.20325203252031798,-1.0444505653108838,-0.267308249640974,0.2562214334046242,-0.07973051592486957,-0.7810266455766213,-0.578190781039345,2.784567397288873,0.08230966839470888,-0.7092618217917845,-1.0628378948756345,0.5507757460740281,-0.8181513950576647,-0.08202851149897716,-0.7044322065349551,-0.4082823558551718,0.10947539233523429,0.5669300950418288,-0.3150591216603327,-1.027442998827366,0.22353990056143136,-0.6001951429130625,-1.153023518935914,-1.1223900952721633,-0.6736660198658484,-0.7278958665210333,-0.6954118036843981,1.8059695250734809,1.2570099970627524,-0.2968604491869087,-0.553819554057533,0.23372110186625772,0.22220057628712375
2023-05-12,0.8963540624321586,-0.009456731850954192,-0.39633354383306063,0.3820162170568242,-1.894949914320565,0.0023041678603119564,0.0841770099789807,0.4343566542777788,-0.3466576787861997,-0.2904488342574729,-0.03264615632366796,0.9663174791286311,-0.8397284803924321,-0.36876267748479075,-1.6445770873466437,0.505360743790706,-1.0952874908567,-0.02659128175254155,-0.06523967140346087,0.3998135391280133,-1.4125754087599196,0.16017072194927096,-1.794594123253035,-0.8328101662043008,0.39930316060192705,-0.6120365772402048,0.42076767492014167,-0.36760639279866947,-0.13044705056308725,-0.5417568949918183,0.3914813617453605,-1.4332943068735893,2.4441532820583145,0.5544380962382967,0.4579551763573164,0.4405328050714141,-1.5034016105919479,-0.8158468826609866,0.7332330395075859,-0.9701870224913867,-1.711533396079623,1.8070347912958251,-0.34879085620171946,0.2560452524381196,1.0169099879690835,-0.38342188490513296
2023-05-15,-0.41314471816294995,0.19070939544598708,-0.024865261777795578,-0.3805624069462721,2.2464826177392316,0.018418868676839395,-0.1261593178269127,-0.4027215961673325,0.9457579810692396,0.6796911794419991,-0.777423652228415,-0.6644378654148242,2.159874729262712,0.9605400849379553,-0.31611118568509733,-0.8896088465749852,2.0671814794688492,-2.1814304110019167,0.20771875579561616,-0.588289925283858,-1.1768512835357514,0.6180277662737099,3.0466540017281663,2.1630222352974293,-0.9432953756811635,-0.5086978165223521,-0.6029599868074276,0.1585882876781186,-0.765017873415641,-0.2897374855299284,-0.26517233196707846,0.842646959427551,-0.5387354718799142,1.370508285559624,-0.0810497535221888,2.087959922209204,-0.1759452374978765,0.7531858138096537,0.8349376949101206,-0.18489120235238854,0.8525256609829501,0.11544692138973911,-0.6573302433655726,0.37032425561034366,0.032051674029776045,0.39013148879063486
